skill_group,skill,job_count,mean_salary_usd,median_salary_usd,std_salary_usd
AI-specific,NLP,2145,116217.93146853147,101915.0,60296.54877378421
AI-specific,MLOps,2164,115008.0623844732,100992.5,58635.76762766495
AI-specific,Deep Learning,2189,117242.07492005482,100603.0,61805.50289785615
AI-specific,Computer Vision,2284,115897.87521891418,99563.5,60360.62342714098
